{
    "id": 30,
    "timestamp": 1540394259,
    "v": 3,
    "oneG": 4096,
    "referenceTime": 4680,
    "data": [
        [
            4624090,
            739,
            4152,
            112
        ],
        [
            4624092,
            746,
            4145,
            115
        ],
        [
            4624094,
            755,
            4158,
            100
        ],
        [
            4624097,
            740,
            4137,
            88
        ],
        [
            4624099,
            740,
            4149,
            119
        ],
        [
            4624101,
            738,
            4145,
            130
        ],
        [
            4624104,
            731,
            4157,
            134
        ]
    ],
        "gpsData": [
        [
            1540394215,
            4636038,
            857670,
            4741431,
            36,
            111460,
            441,
            0.6399999856948853,
            1.2699999809265137,
            1.090000033378601
        ],
        [
            1540394216,
            4637038,
            857670,
            4741431,
            18,
            111460,
            441,
            0.6399999856948853,
            1.2699999809265137,
            1.090000033378601
        ],
        [
            1540394217,
            4638038,
            857670,
            4741431,
            11,
            111460,
            441,
            0.7300000190734863,
            1.4700000286102295,
            1.2799999713897705
        ]
    ],
    "calibration": [
        [
            -0.18401477,
            0.055888206,
            -0.9813333
        ],
        [
            0.9681668,
            -0.16204298,
            -0.1907744
        ],
        [
            -0.16968021,
            -0.9851998,
            -0.024290817
        ]
    ],
    "severity": 3,
    "pos": 19743
}